Nome,Data Atual,Preço,Link
Apple iPhone 15 Pro Max (256 GB) - Titânio Branco - Distribuidor Autorizado,09/09/2024 16:58,8.576,https://www.mercadolivre.com.br/apple-iphone-15-pro-max-256-gb-titnio-branco-distribuidor-autorizado/p/MLB1027172715#wid%3DMLB4208674638%26sid%3Dsearch%26searchVariation%3DMLB1027172715%26position%3D4%26search_layout%3Dstack%26type%3Dproduct%26tracking_id%3D3becb2ce-f597-4e88-ba19-0d1ebc3f6da8
Apple iPhone 15 Pro Max (256 GB) - Titânio Preto - Distribuidor Autorizado,09/09/2024 16:58,8.487,https://www.mercadolivre.com.br/apple-iphone-15-pro-max-256-gb-titnio-preto-distribuidor-autorizado/p/MLB1027172724#wid%3DMLB4376702816%26sid%3Dsearch%26searchVariation%3DMLB1027172724%26position%3D5%26search_layout%3Dstack%26type%3Dproduct%26tracking_id%3D3becb2ce-f597-4e88-ba19-0d1ebc3f6da8
Apple iPhone 15 Pro Max (256 GB) - Titânio Azul - Distribuidor Autorizado,09/09/2024 16:58,8.576,https://www.mercadolivre.com.br/apple-iphone-15-pro-max-256-gb-titnio-azul-distribuidor-autorizado/p/MLB1027172717#wid%3DMLB3512271627%26sid%3Dsearch%26searchVariation%3DMLB1027172717%26position%3D6%26search_layout%3Dstack%26type%3Dproduct%26tracking_id%3D3becb2ce-f597-4e88-ba19-0d1ebc3f6da8
Apple iPhone 15 Pro Max (256 GB) - Titânio Natural - Distribuidor Autorizado,09/09/2024 16:58,8.487,https://www.mercadolivre.com.br/apple-iphone-15-pro-max-256-gb-titnio-natural-distribuidor-autorizado/p/MLB1027172726#wid%3DMLB3570897553%26sid%3Dsearch%26searchVariation%3DMLB1027172726%26position%3D7%26search_layout%3Dstack%26type%3Dproduct%26tracking_id%3D3becb2ce-f597-4e88-ba19-0d1ebc3f6da8
Apple iPhone 15 Pro Max (512 GB) - Titânio Preto - Distribuidor Autorizado,09/09/2024 16:58,9.630,https://www.mercadolivre.com.br/apple-iphone-15-pro-max-512-gb-titnio-preto-distribuidor-autorizado/p/MLB1027172725#wid%3DMLB3461275499%26sid%3Dsearch%26searchVariation%3DMLB1027172725%26position%3D8%26search_layout%3Dstack%26type%3Dproduct%26tracking_id%3D3becb2ce-f597-4e88-ba19-0d1ebc3f6da8
Apple iPhone 15 Pro Max (1 TB) - Titânio Preto - Distribuidor Autorizado,09/09/2024 16:58,10.858,https://www.mercadolivre.com.br/apple-iphone-15-pro-max-1-tb-titnio-preto-distribuidor-autorizado/p/MLB1027172719#wid%3DMLB3570844411%26sid%3Dsearch%26searchVariation%3DMLB1027172719%26position%3D9%26search_layout%3Dstack%26type%3Dproduct%26tracking_id%3D3becb2ce-f597-4e88-ba19-0d1ebc3f6da8
 iPhone 15 Pro Max Dual SIM 512 GB titânio branco - Distribuidor Autorizado,09/09/2024 16:58,9.899,https://www.mercadolivre.com.br/iphone-15-pro-max-dual-sim-512-gb-titnio-branco-distribuidor-autorizado/p/MLB1027172723#wid%3DMLB4376791704%26sid%3Dsearch%26searchVariation%3DMLB1027172723%26position%3D10%26search_layout%3Dstack%26type%3Dproduct%26tracking_id%3D3becb2ce-f597-4e88-ba19-0d1ebc3f6da8
Apple iPhone 15 Pro Max (512 GB) - Titânio Natural - Distribuidor Autorizado,09/09/2024 16:58,9.746,https://www.mercadolivre.com.br/apple-iphone-15-pro-max-512-gb-titnio-natural-distribuidor-autorizado/p/MLB1027172722#wid%3DMLB4376709268%26sid%3Dsearch%26searchVariation%3DMLB1027172722%26position%3D11%26search_layout%3Dstack%26type%3Dproduct%26tracking_id%3D3becb2ce-f597-4e88-ba19-0d1ebc3f6da8
Apple iPhone 15 Pro Max (512 GB) - Titânio Azul - Distribuidor Autorizado,09/09/2024 16:58,9.746,https://www.mercadolivre.com.br/apple-iphone-15-pro-max-512-gb-titnio-azul-distribuidor-autorizado/p/MLB1027172716#wid%3DMLB3512326781%26sid%3Dsearch%26searchVariation%3DMLB1027172716%26position%3D12%26search_layout%3Dstack%26type%3Dproduct%26tracking_id%3D3becb2ce-f597-4e88-ba19-0d1ebc3f6da8
Apple iPhone 15 Pro Max (1 TB) - Titânio Azul - Distribuidor Autorizado,09/09/2024 16:58,10.915,https://www.mercadolivre.com.br/apple-iphone-15-pro-max-1-tb-titnio-azul-distribuidor-autorizado/p/MLB1027172721#wid%3DMLB3512345349%26sid%3Dsearch%26searchVariation%3DMLB1027172721%26position%3D13%26search_layout%3Dstack%26type%3Dproduct%26tracking_id%3D3becb2ce-f597-4e88-ba19-0d1ebc3f6da8
Apple iPhone 15 Pro Max (256 GB) - Titânio Preto,09/09/2024 16:58,7.504,https://www.mercadolivre.com.br/apple-iphone-15-pro-max-256-gb-titnio-preto/p/MLB27172724#wid%3DMLB5012368930%26sid%3Dsearch%26searchVariation%3DMLB27172724%26position%3D14%26search_layout%3Dstack%26type%3Dproduct%26tracking_id%3D3becb2ce-f597-4e88-ba19-0d1ebc3f6da8
Apple iPhone 15 Pro Max (1 TB) - Titânio Natural - Distribuidor Autorizado,09/09/2024 16:58,10.915,https://www.mercadolivre.com.br/apple-iphone-15-pro-max-1-tb-titnio-natural-distribuidor-autorizado/p/MLB1027172720#wid%3DMLB4593268538%26sid%3Dsearch%26searchVariation%3DMLB1027172720%26position%3D15%26search_layout%3Dstack%26type%3Dproduct%26tracking_id%3D3becb2ce-f597-4e88-ba19-0d1ebc3f6da8
Apple iPhone 15 Pro Max (512 GB) - Titânio Azul,09/09/2024 16:58,9.199,https://www.mercadolivre.com.br/apple-iphone-15-pro-max-512-gb-titnio-azul/p/MLB27172716#wid%3DMLB5019323046%26sid%3Dsearch%26searchVariation%3DMLB27172716%26position%3D16%26search_layout%3Dstack%26type%3Dproduct%26tracking_id%3D3becb2ce-f597-4e88-ba19-0d1ebc3f6da8
Apple iPhone 15 Pro Max (1 TB) - Titânio Preto,09/09/2024 16:58,11.395,https://www.mercadolivre.com.br/apple-iphone-15-pro-max-1-tb-titnio-preto/p/MLB27172719#wid%3DMLB3586462597%26sid%3Dsearch%26searchVariation%3DMLB27172719%26position%3D3%26search_layout%3Dstack%26type%3Dproduct%26tracking_id%3D3becb2ce-f597-4e88-ba19-0d1ebc3f6da8
iPhone 15 Pro Max 1tb - Titânio Preto,09/09/2024 16:58,12.199,https://produto.mercadolivre.com.br/MLB-4879893944-iphone-15-pro-max-1tb-titnio-preto-_JM?searchVariation=183598613803#searchVariation%3D183598613803%26position%3D17%26search_layout%3Dstack%26type%3Ditem%26tracking_id%3D3becb2ce-f597-4e88-ba19-0d1ebc3f6da8
Apple iPhone 15 Pro Max (512 Gb) - Titânio Preto Com Nf,09/09/2024 16:58,7.700,https://produto.mercadolivre.com.br/MLB-3590113015-apple-iphone-15-pro-max-512-gb-titnio-preto-com-nf-_JM#position%3D18%26search_layout%3Dstack%26type%3Ditem%26tracking_id%3D3becb2ce-f597-4e88-ba19-0d1ebc3f6da8
Apple iPhone 15 Pro Max (256 Gb) -  Azul C/ Nota Fiscal,09/09/2024 16:58,7.700,https://produto.mercadolivre.com.br/MLB-4439171734-apple-iphone-15-pro-max-256-gb-azul-c-nota-fiscal-_JM?searchVariation=181698575965#searchVariation%3D181698575965%26position%3D19%26search_layout%3Dstack%26type%3Ditem%26tracking_id%3D3becb2ce-f597-4e88-ba19-0d1ebc3f6da8
iPhone 15 Pro Max 256gb Lacrado Original,09/09/2024 16:58,7.699,https://produto.mercadolivre.com.br/MLB-4716801134-iphone-15-pro-max-256gb-lacrado-original-_JM?searchVariation=182906456637#searchVariation%3D182906456637%26position%3D20%26search_layout%3Dstack%26type%3Ditem%26tracking_id%3D3becb2ce-f597-4e88-ba19-0d1ebc3f6da8
Apple iPhone 15 Pro Max (256 Gb) -preto Com Nota Fiscal,09/09/2024 16:58,7.700,https://produto.mercadolivre.com.br/MLB-3589863241-apple-iphone-15-pro-max-256-gb-preto-com-nota-fiscal-_JM?searchVariation=181671363009#searchVariation%3D181671363009%26position%3D21%26search_layout%3Dstack%26type%3Ditem%26tracking_id%3D3becb2ce-f597-4e88-ba19-0d1ebc3f6da8
iPhone 15 Pro Max 256gb Preto + Capinha + Carregador,09/09/2024 16:58,8.200,https://produto.mercadolivre.com.br/MLB-3679005865-iphone-15-pro-max-256gb-preto-capinha-carregador-_JM?searchVariation=182651490621#searchVariation%3D182651490621%26position%3D22%26search_layout%3Dstack%26type%3Ditem%26tracking_id%3D3becb2ce-f597-4e88-ba19-0d1ebc3f6da8
iPhone 15 Pro Max 256gb Lacrado Original,09/09/2024 16:58,8.199,https://produto.mercadolivre.com.br/MLB-4716788124-iphone-15-pro-max-256gb-lacrado-original-_JM?searchVariation=180571415596#searchVariation%3D180571415596%26position%3D23%26search_layout%3Dstack%26type%3Ditem%26tracking_id%3D3becb2ce-f597-4e88-ba19-0d1ebc3f6da8
Apple iPhone 15 Pro Max 256gb Preto + Capa +carregador,09/09/2024 16:58,8.200,https://produto.mercadolivre.com.br/MLB-3520315641-apple-iphone-15-pro-max-256gb-preto-capa-carregador-_JM#position%3D24%26search_layout%3Dstack%26type%3Ditem%26tracking_id%3D3becb2ce-f597-4e88-ba19-0d1ebc3f6da8
iPhone 15 Pro Max 256gb Natural + Capinha + Carregador,09/09/2024 16:58,8.100,https://produto.mercadolivre.com.br/MLB-5044630080-iphone-15-pro-max-256gb-natural-capinha-carregador-_JM?searchVariation=181563494830#searchVariation%3D181563494830%26position%3D25%26search_layout%3Dstack%26type%3Ditem%26tracking_id%3D3becb2ce-f597-4e88-ba19-0d1ebc3f6da8
Apple iPhone 15 Pro Max (256 Gb) - E Sim,09/09/2024 16:58,8.499,https://produto.mercadolivre.com.br/MLB-3672666769-apple-iphone-15-pro-max-256-gb-e-sim-_JM?searchVariation=182601676385#searchVariation%3D182601676385%26position%3D26%26search_layout%3Dstack%26type%3Ditem%26tracking_id%3D3becb2ce-f597-4e88-ba19-0d1ebc3f6da8
Apple iPhone 15 Pro Max (256 Gb) - Titânio Azul - Anatel,09/09/2024 16:58,8.199,https://produto.mercadolivre.com.br/MLB-4363785458-apple-iphone-15-pro-max-256-gb-titnio-azul-anatel-_JM?searchVariation=181423777117#searchVariation%3D181423777117%26position%3D27%26search_layout%3Dstack%26type%3Ditem%26tracking_id%3D3becb2ce-f597-4e88-ba19-0d1ebc3f6da8
Smartphone iPhone 15 Pro Max 256gb Natural +capa +carregador,09/09/2024 16:58,8.200,https://produto.mercadolivre.com.br/MLB-4659978606-smartphone-iphone-15-pro-max-256gb-natural-capa-carregador-_JM?searchVariation=180426984466#searchVariation%3D180426984466%26position%3D28%26search_layout%3Dstack%26type%3Ditem%26tracking_id%3D3becb2ce-f597-4e88-ba19-0d1ebc3f6da8
Apple iPhone 15 Pro Max 256gb Preto +carregador+capa,09/09/2024 16:58,7.800,https://produto.mercadolivre.com.br/MLB-4651593504-apple-iphone-15-pro-max-256gb-preto-carregadorcapa-_JM?searchVariation=180405793770#searchVariation%3D180405793770%26position%3D29%26search_layout%3Dstack%26type%3Ditem%26tracking_id%3D3becb2ce-f597-4e88-ba19-0d1ebc3f6da8
Apple iPhone 15 Pro Max 256gb Natural +capa+ Carregador,09/09/2024 16:58,8.200,https://produto.mercadolivre.com.br/MLB-3683332575-apple-iphone-15-pro-max-256gb-natural-capa-carregador-_JM?searchVariation=182700850823#searchVariation%3D182700850823%26position%3D30%26search_layout%3Dstack%26type%3Ditem%26tracking_id%3D3becb2ce-f597-4e88-ba19-0d1ebc3f6da8
Apple iPhone 15 Pro Max 256gb Azul + Capa +carregador,09/09/2024 16:58,8.200,https://produto.mercadolivre.com.br/MLB-4244184022-apple-iphone-15-pro-max-256gb-azul-capa-carregador-_JM#position%3D31%26search_layout%3Dstack%26type%3Ditem%26tracking_id%3D3becb2ce-f597-4e88-ba19-0d1ebc3f6da8
iPhone 15 Pro Max 1tb - Titânio Azul,09/09/2024 16:58,12.199,https://produto.mercadolivre.com.br/MLB-4879854214-iphone-15-pro-max-1tb-titnio-azul-_JM?searchVariation=183598637815#searchVariation%3D183598637815%26position%3D32%26search_layout%3Dstack%26type%3Ditem%26tracking_id%3D3becb2ce-f597-4e88-ba19-0d1ebc3f6da8
iPhone 15 Pro Max 256gb  Preto + Capinha + Carregador,09/09/2024 16:58,8.100,https://produto.mercadolivre.com.br/MLB-3840402455-iphone-15-pro-max-256gb-preto-capinha-carregador-_JM?searchVariation=181563434056#searchVariation%3D181563434056%26position%3D33%26search_layout%3Dstack%26type%3Ditem%26tracking_id%3D3becb2ce-f597-4e88-ba19-0d1ebc3f6da8
iPhone 15 Pro Max 256gb Azul + Capinha + Carregador,09/09/2024 16:58,8.100,https://produto.mercadolivre.com.br/MLB-3840401649-iphone-15-pro-max-256gb-azul-capinha-carregador-_JM?searchVariation=181563433462#searchVariation%3D181563433462%26position%3D34%26search_layout%3Dstack%26type%3Ditem%26tracking_id%3D3becb2ce-f597-4e88-ba19-0d1ebc3f6da8
Apple iPhone 15 Pro Max (256 Gb) - Natural Com Nota Fiscal,09/09/2024 16:58,7.700,https://produto.mercadolivre.com.br/MLB-3589894103-apple-iphone-15-pro-max-256-gb-natural-com-nota-fiscal-_JM?searchVariation=181671431537#searchVariation%3D181671431537%26position%3D35%26search_layout%3Dstack%26type%3Ditem%26tracking_id%3D3becb2ce-f597-4e88-ba19-0d1ebc3f6da8
iPhone 15 Pro Max 256gb Com Película + Capinha Brinde,09/09/2024 16:58,8.359,https://produto.mercadolivre.com.br/MLB-3648000527-iphone-15-pro-max-256gb-com-pelicula-capinha-brinde-_JM?searchVariation=180241656850#searchVariation%3D180241656850%26position%3D36%26search_layout%3Dstack%26type%3Ditem%26tracking_id%3D3becb2ce-f597-4e88-ba19-0d1ebc3f6da8
Apple iPhone 15 Pro Max (256 Gb) - Titânio Azul - Anatel,09/09/2024 16:58,8.799,https://produto.mercadolivre.com.br/MLB-4363746978-apple-iphone-15-pro-max-256-gb-titnio-azul-anatel-_JM?searchVariation=179670566662#searchVariation%3D179670566662%26position%3D37%26search_layout%3Dstack%26type%3Ditem%26tracking_id%3D3becb2ce-f597-4e88-ba19-0d1ebc3f6da8
Apple iPhone 15 Pro Max 256gb Preto + Capa +carregador,09/09/2024 16:58,8.200,https://produto.mercadolivre.com.br/MLB-3524657857-apple-iphone-15-pro-max-256gb-preto-capa-carregador-_JM#position%3D38%26search_layout%3Dstack%26type%3Ditem%26tracking_id%3D3becb2ce-f597-4e88-ba19-0d1ebc3f6da8
iPhone 15 Pro Max 256gb Com Película + Capinha Brinde,09/09/2024 16:58,7.939,https://produto.mercadolivre.com.br/MLB-4588035850-iphone-15-pro-max-256gb-com-pelicula-capinha-brinde-_JM?searchVariation=182397705069#searchVariation%3D182397705069%26position%3D39%26search_layout%3Dstack%26type%3Ditem%26tracking_id%3D3becb2ce-f597-4e88-ba19-0d1ebc3f6da8
iPhone 15 Pro Max 256 Gb Azul - Bom - Usado,09/09/2024 16:58,6.814,https://produto.mercadolivre.com.br/MLB-5035627244-iphone-15-pro-max-256-gb-azul-bom-usado-_JM#position%3D40%26search_layout%3Dstack%26type%3Ditem%26tracking_id%3D3becb2ce-f597-4e88-ba19-0d1ebc3f6da8
Apple iPhone 15 Pro Max 256 Gb Titânio Preto 1 Ano Garantia,09/09/2024 16:58,7.899,https://produto.mercadolivre.com.br/MLB-3844155603-apple-iphone-15-pro-max-256-gb-titnio-preto-1-ano-garantia-_JM?searchVariation=184754487327#searchVariation%3D184754487327%26position%3D41%26search_layout%3Dstack%26type%3Ditem%26tracking_id%3D3becb2ce-f597-4e88-ba19-0d1ebc3f6da8
Apple iPhone 15 Pro Max (256 Gb) - Titânio Branco Zerado!!,09/09/2024 16:58,7.290,https://produto.mercadolivre.com.br/MLB-3544910329-apple-iphone-15-pro-max-256-gb-titnio-branco-zerado-_JM?searchVariation=181115071031#searchVariation%3D181115071031%26position%3D42%26search_layout%3Dstack%26type%3Ditem%26tracking_id%3D3becb2ce-f597-4e88-ba19-0d1ebc3f6da8
"Apple iPhone 15 Pro Max (256 Gb) Dual Sim - Branco, 8gb Ram",09/09/2024 16:58,6.999,https://produto.mercadolivre.com.br/MLB-5047101516-apple-iphone-15-pro-max-256-gb-dual-sim-branco-8gb-ram-_JM?searchVariation=184711204759#searchVariation%3D184711204759%26position%3D43%26search_layout%3Dstack%26type%3Ditem%26tracking_id%3D3becb2ce-f597-4e88-ba19-0d1ebc3f6da8
iPhone 15 Pro Max 256 Gb Preto - Excelente - Usado,09/09/2024 16:58,7.544,https://produto.mercadolivre.com.br/MLB-5046694572-iphone-15-pro-max-256-gb-preto-excelente-usado-_JM#position%3D44%26search_layout%3Dstack%26type%3Ditem%26tracking_id%3D3becb2ce-f597-4e88-ba19-0d1ebc3f6da8
Apple iPhone 15 Pro Max (256 Gb) - Titânio Preto Sem Detalhe,09/09/2024 16:58,7.799,https://produto.mercadolivre.com.br/MLB-5024176264-apple-iphone-15-pro-max-256-gb-titnio-preto-sem-detalhe-_JM?searchVariation=184516716681#searchVariation%3D184516716681%26position%3D45%26search_layout%3Dstack%26type%3Ditem%26tracking_id%3D3becb2ce-f597-4e88-ba19-0d1ebc3f6da8
Apple iPhone 15 Pro Max (256 Gb) - Titânio Azul - Novíssimo,09/09/2024 16:58,7.000,https://produto.mercadolivre.com.br/MLB-3833285211-apple-iphone-15-pro-max-256-gb-titnio-azul-novissimo-_JM?searchVariation=184576412237#searchVariation%3D184576412237%26position%3D46%26search_layout%3Dstack%26type%3Ditem%26tracking_id%3D3becb2ce-f597-4e88-ba19-0d1ebc3f6da8
Apple iPhone 15 Pro Max (256 Gb) - Titânio + Nfe Garantia,09/09/2024 16:58,7.990,https://produto.mercadolivre.com.br/MLB-4842638574-apple-iphone-15-pro-max-256-gb-titnio-nfe-garantia-_JM?searchVariation=183419986049#searchVariation%3D183419986049%26position%3D47%26search_layout%3Dstack%26type%3Ditem%26tracking_id%3D3becb2ce-f597-4e88-ba19-0d1ebc3f6da8
Apple iPhone 15 Pro Max (256 Gb) - Titânio Preto Sem Detalhe,09/09/2024 16:58,7.299,https://produto.mercadolivre.com.br/MLB-5024214716-apple-iphone-15-pro-max-256-gb-titnio-preto-sem-detalhe-_JM?searchVariation=181486588846#searchVariation%3D181486588846%26position%3D48%26search_layout%3Dstack%26type%3Ditem%26tracking_id%3D3becb2ce-f597-4e88-ba19-0d1ebc3f6da8
Apple iPhone 15 Pro Max (256 Gb) - Titânio + Nfe + Garantia,09/09/2024 16:58,7.989,https://produto.mercadolivre.com.br/MLB-4970693512-apple-iphone-15-pro-max-256-gb-titnio-nfe-garantia-_JM?searchVariation=181269415118#searchVariation%3D181269415118%26position%3D49%26search_layout%3Dstack%26type%3Ditem%26tracking_id%3D3becb2ce-f597-4e88-ba19-0d1ebc3f6da8
Apple iPhone 15 Pro Max (256 Gb) - Titânio Azul,09/09/2024 16:58,6.999,https://produto.mercadolivre.com.br/MLB-4977530102-apple-iphone-15-pro-max-256-gb-titnio-azul-_JM?searchVariation=181291843828#searchVariation%3D181291843828%26position%3D50%26search_layout%3Dstack%26type%3Ditem%26tracking_id%3D3becb2ce-f597-4e88-ba19-0d1ebc3f6da8
